feature_0;feature_1;feature_2;feature_3;feature_4;feature_5;feature_6;feature_7;feature_8;feature_9;feature_10;feature_11;feature_12;feature_13;feature_14;feature_15;feature_16;feature_17;feature_18;feature_19;target
0.4967141530112327;-0.13826430117118466;0.36510322285985297;0.29860845653419366;0.2358418583757943;0.25906697810606466;0.08150738296379856;0.035801506938109476;0.27896517419867534;0.35566212451980117;0.3787573778444299;0.4406251603237877;-0.48536354782910346;0.08187413938632256;2.3146585666735087;-1.867265192591748;0.6862601903745135;-1.6127158711896517;-0.47193186578943347;1.088950596967366;1
0.6476885381006925;1.5230298564080254;1.3470542226384405;1.243611633387822;1.6672764981113826;1.4449053615594702;1.301954810466648;1.4021720674717801;1.8797186515381492;1.0394778755017504;1.1336168528772412;0.734632738760356;0.06428001909546277;-1.0777447779293061;-0.7153037092599682;0.6795977489346758;-0.7303666317171367;0.21645858958197486;0.045571839903813784;-0.6516003476058171;1
-0.23415337472333597;-0.23413695694918055;-0.32516401891170504;-0.29087697083477726;-0.3501189919398109;-0.3166695958340468;-0.24853245476152036;-0.25506999511001305;-0.39789778832695283;-0.2688279427614875;-0.29096575913782347;-0.23584300271782385;2.1439440893253257;0.6339190223180112;-2.025142586657607;0.18645431476942764;-0.661786464768388;0.852433334796224;-0.7925207384327007;-0.11473644146689901;0
1.5792128155073915;0.7674347291529088;1.7779807145439581;1.5547123162621774;1.7133756352445477;1.6081767612980078;1.1064267933903218;1.0743629347215027;1.9611745175479451;1.538730676544913;1.6575271190070926;1.5143261887852733;0.5049872789804571;0.8657551941701215;-1.2002964070557762;-0.3345012358409484;-0.4749453111609562;-0.6533292325737119;1.7654542402810969;0.40498171096095553;1
-0.4694743859349521;0.5425600435859647;-0.13447022996589733;-0.07566918923547987;0.10589203010392992;0.02284617465316371;0.21208729205289947;0.29393145461305903;0.10290700558040168;-0.19694482147147366;-0.20329194117211602;-0.3777522022459903;-1.2608839543350452;0.9178619470547761;2.1221561970126332;1.0324652605511468;-1.5193699659540134;-0.48423407286625136;1.2669111491866227;-0.7076694656187807;1
-0.46341769281246226;-0.46572975357025687;-0.6447375741401642;-0.576856344083668;-0.6947992435225161;-0.6282510947494662;-0.49352142064446786;-0.5066799789270995;-0.7895742478447887;-0.5328352813871037;-0.5767368093561345;-0.4669820155306407;0.44381942814622843;0.7746340534293368;-0.926930471578083;-0.05952535606180008;-3.2412673400690726;-1.0243876413342898;-0.2525681513931603;-1.2477831819648495;0
0.24196227156603412;-1.913280244657798;-0.7660501285020028;-0.780303161542359;-1.3587108833141945;-1.0735885037967208;-1.2560760631042684;-1.4515362437240873;-1.5069947744425691;-0.4506625791914115;-0.5087966557005803;0.04115596973063167;1.6324113039316352;-1.4301413779606327;-0.44004448669698376;0.13074057728609134;1.4412732890661155;-1.4358621511794394;1.1631637521549596;0.010233061019587049;0
-1.7249178325130328;-0.5622875292409727;-1.8009179115869387;-1.5597613567440107;-1.6511663049712313;-1.577193936258728;-1.0147999183918301;-0.9538861015375172;-1.8965203946901081;-1.5874295024812526;-1.7068141148621858;-1.6281097872251087;-0.9815086510479509;0.46210347426327075;0.19905969557347003;-0.6002168771587947;0.06980208499001891;-0.3853135968617602;0.11351734525124804;0.6621306745210467;0
-1.0128311203344238;0.3142473325952739;-0.7279427665071277;-0.5926733511700556;-0.4550971032289899;-0.5072483102717134;-0.14351260669174912;-0.04728323287828919;-0.5400643611967515;-0.7142939806601215;-0.7601718868030934;-0.8954248780734764;1.586016816145352;-1.237815498826849;2.1330333746562666;-1.9520877995225019;-0.15178509503558332;0.5883172064845765;0.28099186773503265;-0.6226995198205938;0
-0.9080240755212109;-1.4123037013352915;-1.518846635085556;-1.3809290585780796;-1.7603423098538555;-1.5558189261026325;-1.3178170392102047;-1.3904893955089315;-1.9918772534232865;-1.2129542773257393;-1.3177597346605618;-0.9619754499594996;-0.20812225035727522;-0.4930009346588328;-0.5893647569442115;0.8496020970210246;0.35701548596504734;-0.6929095952606542;0.8995998754332507;0.30729952087660933;0
1.465648768921554;-0.22577630048653566;1.170471767659397;0.9724761190189799;0.8413441305053038;0.8828484811420018;0.368400278612096;0.25063140025207586;0.9852970676511852;1.1110304035020961;1.1860257467200301;1.3172709968938123;0.8128621188389601;0.6296288419236122;-0.8289950109220723;-0.5601810401969696;0.7472936051232618;0.6103702654334648;-0.020901593964148132;0.117327383308782;1
0.06752820468792384;-1.4247481862134568;-0.6692867269223356;-0.6645116563659847;-1.0903013866672264;-0.8785974424662994;-0.975850243111772;-1.1139784322268522;-1.2133787907012576;-0.4268524835368339;-0.4765592935381449;-0.07223110336275426;1.277664895788425;-0.5915713888358299;0.5470973811700379;-0.20219265243389406;-0.2176812032272203;1.09877685198719;0.8254163489880298;0.8135096360006385;0
-0.5443827245251827;0.11092258970986608;-0.4209073202110589;-0.3476321521873869;-0.2908943595160473;-0.3103245171566059;-0.1178367884277326;-0.07155494431309829;-0.3418805335742242;-0.4035204388624323;-0.43035855739130346;-0.4867276599944691;1.305478807154329;0.02100384163275905;0.6819529712949639;-0.31026675659345604;0.3241663524884421;-0.13014305436768459;0.09699596499271819;0.5951570254369136;0
-1.1509935774223028;0.37569801834567196;-0.8177404448441762;-0.6642012433090412;-0.5023427244550798;-0.5643645081211824;-0.15004444146406937;-0.03894459821084527;-0.597196248532941;-0.8054512036199596;-0.8568888988151209;-1.0158251820755968;-0.8182206832334725;2.0923872756854602;-1.006017381499702;-1.2141886127877322;1.1581108735000678;0.7916626939629359;0.6241198170521551;0.6283455092642799;0
-0.600638689918805;-0.2916937497932768;-0.6761395942448809;-0.5912234606805886;-0.6515123357188964;-0.6115295360937731;-0.4206836447640131;-0.40847036851568896;-0.7457426195885977;-0.5851765227797702;-0.6303523813107902;-0.5759415535132737;-0.012246772846914623;-0.8972543714858315;0.07580455819372633;-0.6771617115121117;0.9751197334177512;-0.14705738150213865;-0.8254971967925115;-0.32138584165299344;0
-0.6017066122293969;1.8522781845089378;0.41922719145351395;0.4832223163901201;1.0592657646139905;0.7812246913763771;1.0839297302654225;1.2973732469980535;1.1615395198120517;0.13861046927171022;0.1739609622776993;-0.3754221821241838;0.41293145427562433;-0.5637245528039747;-0.8222203955664315;0.2436872114919123;0.24496657110872277;-0.5069431753711298;-0.4710383056183228;0.2320499373576363;1
-0.013497224737933921;-1.0577109289559004;-0.5526945452445641;-0.5404575864527561;-0.8537733134280552;-0.6969555385671742;-0.7473301706998295;-0.8456812787488165;-0.952292506279219;-0.36843545388722865;-0.4089612636847122;-0.11173193787181274;-1.4480843414973241;-1.4074637743765552;-0.718444221252436;-0.21344715171184725;0.3109075655980046;1.475356216949552;0.8576596232020194;-0.1599385299634271;0
0.822544912103189;-1.2208436499710222;0.09740963572035943;-0.0029575261464306023;-0.4012668486325763;-0.21567962848317357;-0.5612941872081274;-0.7300459494398019;-0.4208214695054554;0.25371541005684567;0.25467786130573694;0.6364441155649468;-0.01901620790268883;-1.0025293646378088;-0.01851313599238993;-0.2886586389201383;0.3227185603380895;-0.827230943552323;0.5193465142411723;1.5327389130025777;0
0.2088635950047554;-1.9596701238797756;-0.818811128157557;-0.8280869027665438;-1.4188139988192727;-1.1269915455294788;-1.3005389030989465;-1.4981704710393031;-1.575070797862847;-0.4931558149238134;-0.554918849739302;0.0065691052206565;-0.1087601484568576;0.40171172209894146;0.6901439917111125;-0.40122047188583626;0.22409248181041677;0.01259240078179486;0.09767609854883172;-0.7730097838554665;0
-1.3281860488984305;0.19686123586912352;-1.064651177221823;-0.885149425982283;-0.7686132075327543;-0.8050768572416076;-0.339281064756374;-0.23328386322168101;-0.8997746437065474;-1.0094431645430642;-1.0776956326960352;-1.194451960367348;0.024510174258942714;0.49799829124544975;1.4511436077950417;0.9592708260852069;2.1531824575115563;-0.7673475628880495;0.8723206367206782;0.18334200573835174;0
0.7384665799954104;0.1713682811899705;0.7355385597990597;0.6329768531301829;0.6515253031575184;0.6301442206560318;0.38576705818780915;0.3531813870933886;0.7502048501445201;0.656163317057389;0.7046669347487015;0.6905031510529253;2.1898029332176723;-0.8082982853551515;-0.8397218421807761;-0.5993926454440222;-2.123895724309807;-0.525755021680761;-0.759132661553698;0.15039378647620763;1
-0.11564828238824053;-0.3011036955892888;-0.25543377479068274;-0.23667702801894744;-0.32097830180167813;-0.27694761927511147;-0.2529393550959031;-0.27356950620245973;-0.3615851249783292;-0.1954598134536328;-0.21336483939040227;-0.13391301071517947;0.34175597577715944;1.8761708392158862;0.9504238381860503;-0.5769036556624031;-0.898414671348358;0.4919191715065057;-1.3202332070206422;1.8314587658543537;0
-1.4785219903674274;-0.7198442083947086;-1.6653022449284078;-1.456256291269829;-1.6052012618624014;-1.5065109372938932;-1.0368223634997873;-1.0069287421141246;-1.8373234572719008;-1.4410743248494147;-1.552346703489203;-1.4178985945381926;1.179440120721287;-0.4691756521047048;-1.7131345290908775;1.3538723741654128;-0.11453984525261789;1.2378163119734618;-1.594427658794367;-0.5993750229537729;0
-0.4606387709597875;1.0571222262189157;0.1363993615178887;0.18893727627691687;0.5228231024974993;0.3634999123991542;0.5764692259498165;0.7060103320171712;0.5680213003666967;-0.015867445800971967;-0.0023700401393810908;-0.3213236082512985;0.005243699718183166;0.046980593764742055;-0.45006547147924364;0.6228499323474987;-1.0676204293825944;-0.1423794850212935;0.12029563171189886;0.514438834058749;1
0.3436182895684614;-1.763040155362734;-0.6000357480420301;-0.6296517207035699;-1.167919099627817;-0.9045261301098865;-1.114068057842785;-1.302130904201733;-1.291003860223025;-0.3175292548112233;-0.364225920131266;0.14811222281567443;0.7116148780888898;-1.1246420918378692;-1.5341141707356223;1.277676821898509;0.33231401197959165;-0.7484865365565536;1.551151975522523;0.11567463429285867;0
0.324083969394795;-0.38508228041631654;0.08743365076359713;0.04694619562078994;-0.08151769988947652;-0.02262576227704578;-0.15380968662151423;-0.21129724561386626;-0.08042431066837719;0.13238881883746106;0.13637389886970525;0.2597758435729262;1.1792971840638264;0.06751848141010895;2.060747924881987;1.7553408424432044;-0.2489641484790735;0.9715709509543554;0.6453759495851475;1.3686315575323487;0
-0.6769220003059587;0.6116762888408679;-0.28113711400181013;-0.19467694856656684;0.01647294283069663;-0.07795940625708696;0.18602902519423645;0.2880287282344055;-0.0034792078049404886;-0.3416399564117472;-0.35720514168047296;-0.5607060974171171;-0.9649234605801045;0.6860514599984393;1.0584244868495878;-1.7587394864231143;-1.183258512665775;-2.0392321777601006;-0.26940683444455776;0.7175422557959623;0
1.030999522495951;0.9312801191161986;1.3807742283289046;1.2307842458395801;1.462059325496348;1.329559242027665;1.0243630023172672;1.0437989432296482;1.6632952455670347;1.1499946930152056;1.2437240832980845;1.0290740857394363;1.502357052096028;0.07409478041977519;1.6286155455712918;-1.3801014582148914;-1.7033824393551547;-0.05554769889661878;0.3840654489393073;-0.03269474809409311;1
-0.8392175232226385;-0.3092123758512146;-0.8944202543908666;-0.7767410496810677;-0.831790572724128;-0.790513844320373;-0.5187481194328103;-0.4924563623833318;-0.954430730556973;-0.7843736420884132;-0.8437971807687166;-0.7954678535282167;-2.0674421000398766;-0.08912003951278841;-1.3044695005048532;0.6696725488300385;0.36659824609684827;-0.9398797863273552;-0.5138669173366935;-1.0592135218889516;0
0.33126343140356396;0.9755451271223592;0.7894791999277861;0.7346413316478915;1.0096687979506993;0.8667764336435024;0.8038866388223254;0.8735879026312396;1.1363521279315623;0.5980904712048883;0.6536274708060145;0.3942068225860099;-0.06267909727317188;0.9551423205012383;-0.9857260463355437;0.5040465155178444;-0.5302576183724408;-0.7928728322623442;-0.10703035995455783;-1.035242322419374;1
-0.47917423784528995;-0.18565897666381712;-0.5153498795444019;-0.4480682398839346;-0.48220265246020777;-0.4572839137995617;-0.30258535048141255;-0.2884277008571055;-0.5530624958051801;-0.4509373034020395;-0.4852090640518765;-0.4550499365163948;-0.553649305347182;-1.1978778925888485;1.9647251329163893;0.03526355197172861;-0.6997255079925856;0.213979910734222;-0.11232804969082982;-0.22096959953322298;0
-1.1063349740060282;-1.1962066240806708;-1.582339679415758;-1.4194553432568011;-1.7260588727475132;-1.5546738702074003;-1.237415061900993;-1.2767433879670438;-1.9600548382571648;-1.3005688269773192;-1.4085472468773435;-1.122771781955413;0.6141667000434252;0.7575077100473051;-0.5305011476105275;-0.57581824064468;-0.275051697151644;-2.301921164735585;-1.5151910621985523;1.3668742674445247;0
0.812525822394198;1.356240028570823;1.4063913064554172;1.282070104179849;1.6490231645037308;1.4522935581085015;1.2441314209560275;1.3178368274417058;1.8646877086839388;1.1166406134293836;1.2138992831486546;0.8694935997846002;1.6449677135012837;-0.24903603955637832;0.5765569630557664;0.3112501545435361;3.0788808084552377;1.1195749114345768;-0.12791759148076653;-0.9555404406004258;1
-0.07201012158033385;1.0035328978920242;0.4499691777631331;0.44994526232013965;0.7509232860692842;0.6016742226825404;0.6785598530522491;0.7774625392799596;0.8348674446051566;0.2808528951839862;0.31447186578171066;0.028551405216338383;-1.6064463202575725;0.2034636358672231;-0.7563507452843033;-1.4222537095976742;-0.6465728842425266;-1.081548003614395;1.6871416350725648;0.8816397569494505;1
0.36163602504763415;-0.6451197546051243;-0.012587372656505936;-0.05564945055441657;-0.2629299879883397;-0.16526101973320725;-0.32284774863050475;-0.40720818407695886;-0.28146587661538824;0.07491883524384088;0.07126860447919589;0.2696310773713723;-0.007972641316617372;1.4799441388900259;0.0773683076476183;-0.8612842013282637;1.5231240772696573;0.5389100436846587;-1.0372461543264564;-0.1903386780836082;0
0.36139560550841393;1.5380365664659692;1.1035420800187297;1.0390609230623473;1.4797056018502759;1.2535429533127036;1.2095692479402567;1.3300610272485875;1.6613603249246078;0.812620331326622;0.8910164404943312;0.4745887825286459;-0.8756182533847572;-1.382799730964336;0.9261775475316414;1.9094166404701305;-1.3985675738191412;0.5629692366905709;-0.6506425691218269;-0.48712538376469605;1
-0.03582603910995154;1.5646436558140062;0.7686358383375722;0.7581554832985876;1.2240761740401231;0.9917947185323235;1.0854488770495543;1.2346137186815056;1.3635450073051825;0.4998188237023435;0.5565897172833736;0.11433045418042738;-0.5923939242388692;-0.863990769679816;0.04852162794482699;-0.8309501164110378;0.2704568257798388;-0.05023810944913695;-0.23894804686640975;-0.9075636620415979;1
-2.6197451040897444;0.8219025043752238;-1.878220211426401;-1.5284274610365123;-1.1698827681223785;-1.3061222572663884;-0.3648268489649778;-0.11507180863960903;-1.3888223051580695;-1.8444915335853327;-1.9628158921165588;-2.315213474694777;-0.5767713305683327;0.755391225825756;0.5009171876243808;-0.977555244798551;0.09933230542922587;0.751387123371789;-1.6694052811213718;0.543360192379935;0
0.08704706823817122;-0.29900735046586746;-0.07652238220182317;-0.08547532207153274;-0.17802294958303636;-0.13319481284518495;-0.17860060531237992;-0.2123915483063866;-0.1956656234270759;-0.030545040373177824;-0.03682596026614541;0.051393621872787565;-0.6626237589458467;0.5705986685931593;-0.7632591565425169;-1.804882100664519;-1.6275424378831627;0.048084946661381994;0.25972250172148187;-0.9043166251044086;0
0.0917607765355023;-1.9875689146008928;-0.9358198223020027;-0.9288246938878424;-1.5227079767389244;-1.2273876193752042;-1.3622203571233051;-1.5547525566242584;-1.694679343100957;-0.5974520328661921;-0.6669337722558233;-0.1029959198953094;0.6385924587773739;-1.6615200622689599;-0.06607979864731657;-1.2110161997624567;-0.6518361078021592;0.047398671316414016;-0.8604133652839524;-0.38455554422982535;0
-0.21967188783751193;0.3571125715117464;-0.010127400067996518;0.016371732937938307;0.1319664805093621;0.07779428580467689;0.17171109680424482;0.21969369188924515;0.14003820330934685;-0.057256819149863;-0.056346019080915084;-0.16705114401761761;1.0062928092144405;-0.5768918695231487;0.8356921120651418;-1.129706854657618;0.5298041779152828;1.4415686206579004;-2.4716445001272893;-0.7968952554704768;1
1.477894044741516;-0.5182702182736474;1.0316509013486665;0.8348565691950174;0.6163827960580907;0.7013400959760575;0.16748130482772747;0.021461997733956784;0.7348867689583054;1.0220889378448135;1.086787557145189;1.3009647335645527;0.57707212718054;-0.2030453860429927;0.37114587337130883;-0.6039851867158206;0.08658978747289992;-0.15567723539207948;1.1677820616598074;0.2544208433012131;1
-0.8084936028931876;-0.5017570435845365;-0.9659201663163856;-0.8505460220100237;-0.9640829966166866;-0.8940778683814944;-0.6428631210849741;-0.6366617050719603;-1.100929765719444;-0.82456294786392;-0.8894738147551471;-0.7855052449294412;0.3376026620752022;-0.4118769661224674;-0.48760622407249354;-0.4325581878196209;0.39445214237829684;-0.42098448082026296;0.2897748568964129;2.075400798645439;0
0.9154021177020741;0.32875110965968446;0.9712535490992029;0.8429751998102671;0.9004901113000524;0.8567317816157621;0.559851350964534;0.5303723191159354;1.0334811594364008;0.8526957999426797;0.9171931490787167;0.8668790027922616;0.8711247034316923;-0.32602353216784113;1.2012139221639448;-0.4080753730215514;-2.038124535177854;-1.008086310917404;-1.8707919210258557;-0.35151348404130867;1
-0.5297602037670388;0.5132674331133561;-0.20234193685888704;-0.1350177526470746;0.04048771639655722;-0.038542793109542006;0.16985263169803483;0.25292118548999437;0.028043426604454;-0.25568393047771637;-0.2665659101491153;-0.43556063218950264;0.0184183791895517;1.6764373122752827;0.32692737376416264;-0.21910052880886424;0.8294055811834892;-2.211135309007885;0.23561455810856594;0.7708651938869668;0
0.09707754934804039;0.9686449905328892;0.5804824807904458;0.5577032485648856;0.8409292060655521;0.6977797389044194;0.7148552191484095;0.7993417595018433;0.9406700134104498;0.406041138558095;0.447979801399513;0.17969029003485362;-1.4785862457798415;1.143754043206929;0.3384964074944141;-0.4152879139008013;0.6327818661062848;2.270692857804396;0.18186625505849516;0.24822058630033608;1
-0.7020530938773524;-0.3276621465977682;-0.783510027688925;-0.6843868056125557;-0.7509131694058463;-0.7061497013325136;-0.4823898487781514;-0.4668681969172464;-0.8598355640512635;-0.6794908337596272;-0.7317951203621031;-0.671937679526215;-0.4593608995402441;-0.8498443694647918;0.8303358165442456;-0.8560838259088672;0.07156623721939247;-0.4776574467651167;0.47897982574639186;0.3336621052869483;0
-0.39210815313215763;-1.4635149481321186;-1.0923823791882767;-1.0244380086124116;-1.4416224823453772;-1.2266816652168897;-1.1682984293324044;-1.2797742231629101;-1.6198932295590331;-0.812313031463759;-0.8896573909226179;-0.4956330402398744;1.0375399442578992;-0.510016398854747;-0.26987493529337125;-0.9787637157823074;-0.4442932600761116;0.3773004930448522;0.7569886166453519;-0.9221653241776254;0
0.29612027706457605;0.26105527217988933;0.39329658626006403;0.35028008114233455;0.41479965956695447;0.37769629244001796;0.289704773505234;0.2946843701859037;0.4720088363553431;0.32812642055348534;0.35480560514051174;0.29496352633478085;0.8696059201056602;1.355637858804951;0.41343490322370086;1.876795812558066;-0.773789199103573;-1.244654703311417;-1.7787202489042786;1.496044311489183;1
0.00511345664246089;-0.23458713337514692;-0.11546793835939206;-0.11386138170261377;-0.1837056178503236;-0.1488810534129114;-0.16283415504507767;-0.1851814519177442;-0.2046451686489192;-0.07514683522131614;-0.08367319149744064;-0.01737713788667043;0.6543656563540577;-0.05558467091045507;0.2799686263198203;-1.1254890472983765;2.4457519796168263;0.1292211819752275;0.10939479460489289;0.725766623898692;0
-1.4153707420504142;-0.42064532276535904;-1.4569019642821939;-1.2594227118492118;-1.322334819771801;-1.2676797066792949;-0.8040923411171204;-0.750287770765841;-1.5199226834881485;-1.2887868784189946;-1.3852160032984904;-1.3321070219608602;0.4810092317367132;0.22388402427913137;-0.7904744554453119;0.4714683571359957;1.8820244964750337;1.3454200461549777;1.593186626639397;-0.5112156764311852;0
-0.3427145165267695;-0.8022772692216189;-0.7109268715547808;-0.6562272820636267;-0.8793314889009892;-0.7622027806883275;-0.6863749054562678;-0.7390645566650861;-0.9914108723214169;-0.5488034518383184;-0.5984799360660922;-0.3883803684937137;-0.9896048202585809;-0.12578692009964815;0.055724912288694604;1.0941915184709485;-1.6924646297148194;1.5295503194606137;-0.15800789857898942;-0.42688106994742003;0
-0.16128571166600914;0.4040508568145384;0.06510059408287044;0.08316269488048278;0.21013317122360828;0.14931783770939588;0.2256495320492898;0.27418854039085044;0.22906903097472825;0.005907517334029124;0.011908237851014941;-0.10931916912353436;-1.0121043752601675;-1.6548566718657693;0.8231705839619146;0.07331796718840389;-1.2899608997410539;-1.295078772063616;-0.3357846992901282;1.669021525289393;1
1.8861859012105302;0.17457781283183896;1.7441577559736103;1.484780940693212;1.454065889925306;1.4384848564960466;0.8006149831526908;0.6926965410598502;1.6819807864342002;1.587030918656568;1.7010280330445224;1.7389486161488426;-0.2595913513636048;-1.5031429531181062;-0.24574306408594432;-0.2727235697476705;-2.6968866429415717;-0.05429486651781221;-0.23093453020867796;0.6962063648134184;1
0.25755039072276437;-0.07444591576616721;0.18790042433140572;0.1534494071081139;0.12008686078335047;0.13253789026567478;0.04032851944305789;0.016371180167163917;0.14219401912092983;0.1834826623530261;0.19535419757975728;0.22820888955785806;1.8489560949453452;1.1265650295477574;-0.26888869055483056;-1.1065259087416703;2.5733598032498604;0.05921843401448826;0.013929291912946203;-0.024125087110003277;1
-1.9187712152990415;-0.026513875449216878;-1.6970358641691592;-1.434662641516715;-1.3585796393788876;-1.3651393022673046;-0.7083931354682675;-0.5844351275420974;-1.5765763786954328;-1.563383824329804;-1.6736715661012478;-1.7547915103365652;0.19808476076785494;-0.14436041192394247;-0.5736620068802363;-0.5468589412403921;-0.03275327021599839;-0.543424771133765;-0.7128457826771644;0.10643022769189683;0
0.06023020994102644;2.463242112485286;1.3124044950923341;1.2799727065361506;2.008375707437284;1.6433292897470357;1.7507666011408718;1.9779131145791102;2.241046630614474;0.8813572040103373;0.9773756934564091;0.28650494223622247;-0.2549772174208553;1.5039929885826886;-2.650969808393012;1.0915068519224618;1.246085192497629;-2.0733902324081495;-0.34268759408034877;-0.37144086599579146;1
-0.19236096478112252;0.30154734233361247;-0.014578389190028886;0.008735939809148528;0.1066451692096878;0.060864379799599695;0.14252418156437707;0.18349355410244025;0.11268925276359446;-0.053912652912384396;-0.05353482654268742;-0.14733182958063673;-1.4075116947178212;-0.7778166875908753;-1.1105758454658288;1.7522704434236227;0.9356783931474612;1.2715550949941588;0.7216720640432351;-1.1290517712172292;1
-0.03471176970524331;-1.168678037619532;-0.6280498032708098;-0.6118244687736107;-0.9571446930783811;-0.7839830368897953;-0.8328518466396566;-0.9402165077540383;-1.068224054383594;-0.4231279862253954;-0.46903316269494333;-0.1415348247707331;-0.5245202662797737;0.48937456122791806;-1.2221278088919454;0.7129984301723881;-0.24032539815813503;-0.3748208075495975;0.7109599682034915;0.44426331148603976;0
1.1428228145150205;0.7519330326867741;1.3871772041572306;1.2236739450522411;1.3968300057852032;1.2915441876208957;0.9386667720922549;0.9339062530999949;1.5941808094433958;1.1799657931083962;1.2733232561117849;1.1143402636441697;-0.3609661658190799;1.159329803364248;-1.0810633275998973;0.6159356069442637;0.5931012579683838;-0.3095464393139903;0.326133022242118;-1.251113576385303;1
0.7910319470430469;-0.9093874547947389;0.2290217667415254;0.12989901524681421;-0.1745979022563673;-0.03538169199530138;-0.3539908865654844;-0.49144334199830575;-0.16912916187001945;0.33345702049655795;0.3443314790280168;0.6369364553388533;0.924027019206901;-0.18490213644298903;-0.5227230205190395;1.0490092258368893;-0.7043436905427592;-1.4084612963635597;-1.5566291735239037;0.6060099513456396;0
1.4027943109360992;-1.4018510627922809;0.5139480685751047;0.3360948519906984;-0.14132122895545626;0.07428804940281522;-0.47976087116574856;-0.7037338305398361;-0.11228770991983607;0.6626035914181165;0.6898127543493741;1.1493399693931552;-1.280429352496283;1.7547941819843647;-2.081929407883722;1.6964563682900382;0.2110174672026184;-0.09671311187039239;-0.5449190868089497;0.39913611435207086;1
0.5868570938002703;2.1904556258099785;1.6349654454703666;1.5332745073266272;2.157678797918281;1.8359749167153432;1.748597227673138;1.9154449862331702;2.42449654352417;1.215784185272068;1.33154533256507;0.7418049654628102;-0.037634702424848364;1.1033018820165215;0.11422764866203965;0.1503017614618776;-0.36361221221385587;-0.056945623721067457;0.3078017688920592;-1.7101683926566256;1
-0.9905363251306883;-0.5662977296027719;-1.1586419379607242;-1.017765763442545;-1.1424921580454197;-1.0639091013385307;-0.7536112926936019;-0.7414689684422858;-1.3057096290568413;-0.9938526348464202;-1.071558401426387;-0.9578197000451547;-1.348185422105713;0.743264094022715;0.17086543812794186;-0.18398333635267913;0.01843393306539316;0.34758170536167105;-0.5397596803093615;-0.7783047254023127;0
0.09965136508764122;-0.5034756541161992;-0.1700170244350991;-0.17868264054427876;-0.33246361733035323;-0.2572375172786147;-0.31759944873925167;-0.37140540672566236;-0.36744207764616615;-0.08944342702837091;-0.1026919325790758;0.04368804907915332;0.19584525509768155;-0.978372777615032;0.40825275571447184;-1.7025836042378404;1.0291556373256436;0.472597482413043;0.25602973431387566;0.9826909839455139;0
-1.5506634310661327;0.06856297480602733;-1.32545118203048;-1.1142973573554005;-1.026103328195553;-1.044752919334058;-0.5093208446682539;-0.4007002238148443;-1.194025332497694;-1.2330392627220794;-1.3187862519924647;-1.4096850472424176;1.6654744444625766;1.0143700650181304;-1.8408742313316453;-1.2795769667357015;-0.6248185776956788;0.026091050210833786;0.517659020469123;-0.7257438131534656;0
-1.0623037137261049;0.4735924306351816;-0.689868783068972;-0.5494069326479839;-0.3623758560136037;-0.43843345345074836;-0.049442585366554784;0.06499767811803514;-0.43828756810079955;-0.7005145198307172;-0.7432209006508591;-0.925629695180973;0.18676676447707832;-0.7553829323533225;-0.6115178029919482;-1.4066610968482223;-0.9232332461109043;-1.3516846056163336;-0.9758732529773327;1.0536417966078395;0
-0.9194242342338032;1.5499344050175394;-0.014130888055950972;0.09623674068951343;0.5964519993267576;0.3615205673516141;0.7574777378203869;0.9634909810295909;0.6353036393380229;-0.22096756521195748;-0.21507836230111774;-0.6939896536958374;-0.949398888831943;2.632382064837391;0.4933179008808892;0.1848361236948739;-0.8583577801812136;0.7003098794089914;-0.5756378262377739;0.12200981464536144;1
-0.7832532923362371;-0.3220615162056756;-0.8518890554721302;-0.7417285569841561;-0.8030400296624463;-0.7595513406219968;-0.5076491445743966;-0.4862509723271849;-0.9205712595345228;-0.7433792162339345;-0.8000980634097056;-0.7455666355259213;2.5600845382687947;-0.09605989972464987;1.1492733262856758;-0.7031764251258874;-0.0349884904969617;1.77080063563551;-0.6269670577877674;1.8124485579969287;0
0.8135172173696698;-1.2308643164339552;0.08436498783224239;-0.014670486610473038;-0.4155587436941328;-0.22853451211182593;-0.5715737395257668;-0.740670779900139;-0.4370465816268664;0.24301501689725102;0.24308660560414244;0.6272578969655118;0.7077519354554754;-0.5624667758942676;0.632407739055521;0.9725544496267299;0.6218099622171964;-1.5702247198904564;-0.7271371758248686;-0.24751863555150475;0
0.22745993460412942;1.307142754282428;0.867964733192627;0.8240485721061066;1.2020289138298468;1.009382626465231;0.9993407511008782;1.1069950034611784;1.3474612693257528;0.6260762600366936;0.6881647480565845;0.33057344805873295;-0.07443342910004629;0.620672097550678;0.17770100093325383;-1.3353443587101013;0.3801978510059632;0.6105857452838231;0.5597904479310398;1.0807807255546218;1
-1.6074832345612275;0.1846338585323042;-1.3159513834468108;-1.0981762451240564;-0.9730487987347921;-1.0092260391090573;-0.4482691454489092;-0.32501369630937416;-1.136709367762674;-1.2398383500655354;-1.3244588855247796;-1.4506666291707888;0.8339221545489041;0.4591800792284367;-0.07016571145864703;-1.6609609335159914;0.42961821913258585;0.20768768716311115;0.27157883719537346;-1.2767485758203094;0
0.25988279424842353;0.7818228717773104;0.6277933482699174;0.5846099280289673;0.8052678277507718;0.6907201935739555;0.642239324756741;0.6984683790138689;0.9061655708788453;0.4747868768437916;0.5189765195916192;0.3108127367209407;-1.0810565404082624;1.0531528533329035;-0.03955515385665504;0.6815006973726244;0.028318376130461172;0.02975613949574519;0.9382838059759977;-0.5160447282173739;1
-1.236950710878082;-1.3204566130842763;-1.7604726971528741;-1.5785247762164727;-1.9162882645772839;-1.7271873577301438;-1.3715896402967092;-1.4139683334718613;-2.1763532959095904;-1.4483782794953366;-1.5684667144254987;-1.2537326246607836;0.09612077694098337;-0.4622752887050425;-0.4344962274323156;-0.30917212346863937;0.22213377163371284;-0.4787486216634773;1.2557561255735208;-0.8946073022195039;0
0.5219415656168976;0.29698467323318606;0.6097983300281731;0.535580585009291;0.6008829199837676;0.5596849682125757;0.39610677795595894;0.38957601274160736;0.6867571742554367;0.5232112347580241;0.5641034639245017;0.5045693994796268;-0.18687164416135904;-0.4397310582741749;1.4469778843537329;0.19655477651157463;1.0318445394686349;-1.485560373036972;0.26705026586925884;0.889630795623437;1
0.25049285034587654;0.3464482094969757;0.3969293401292116;0.3593066648359637;0.45116539510095494;0.4011460805761161;0.33324513089527164;0.3492436033650715;0.5110799399104847;0.32002543024642605;0.3473154579968341;0.2613201038442353;0.08228398927542419;1.0654803750653512;-0.5172884501003722;1.40934744018558;2.2988981236192503;-0.36283856043965906;-0.4455025214007718;1.453384477117701;1
-0.6800247215784908;0.23225369716100355;-0.47787421630764376;-0.38726195941479696;-0.28858092846529404;-0.3267500176822206;-0.08142846749047916;-0.014823922503518923;-0.3436785632805494;-0.4723965108624334;-0.5024000826895785;-0.5991984994919967;1.5795721457307124;-0.5228600271532683;-0.42018681709585726;-0.2817846088605072;-1.344450511034277;-0.9186519464841982;-1.0041407667520679;-0.7677975651041284;0
0.29307247329868125;-0.7143514180263678;-0.10814427152772779;-0.14115998532586072;-0.3659871659569327;-0.2584239076700279;-0.39609407335961777;-0.482431933927751;-0.3985751023504542;-0.004025383351920978;-0.014183185869781071;0.20050953546018577;-0.03468488738678118;0.23421473253652075;1.5505004928140769;-0.998354040738791;0.9843223984765838;-0.21398884422550896;-0.04946370965243295;0.6748194921666038;0
1.8657745111447566;0.4738329209117875;1.8792711768062729;1.6197421364582205;1.6787327398152716;1.618651206195756;1.0033444427622482;0.924848944707769;1.9317992449429904;1.6716421553543688;1.795724998820002;1.7484326825713725;-1.1227220215622986;0.3824097461840506;0.1664522082130561;0.4924512640081491;0.2891686439078181;2.4553001399108942;-0.637739984251316;-0.5309969550018176;1
-1.1913034972026486;0.6565536086338297;-0.7094939117195764;-0.5532079118830078;-0.3062337093473332;-0.41013558174907194;0.03261582074346523;0.1727235580201542;-0.37985855614782155;-0.7431789802803844;-0.7863559425549825;-1.0262424822988734;-0.6231405264247644;-0.5554771191602547;-0.6373871273065177;1.1890165311075518;1.4205042479898549;-0.5707462937494763;-0.8323555731042287;0.4714155563864041;0
-0.9746816702273214;0.787084603742452;-0.45268972177503936;-0.3272778395303949;-0.05104262200142782;-0.1731217573855618;0.20211788572389236;0.3401975687514257;-0.0883599810457677;-0.5235718925020701;-0.5495039362305012;-0.8161470892064661;-0.5522230442809712;0.6329318177555108;0.2029230208512997;-1.515744114997232;1.5475052013300616;1.7958776730955217;-0.6127886904843862;-0.38770155993598415;0
1.158595579007404;-0.8206823183517105;0.5968708969071549;0.4466656901823963;0.15241261781224064;0.28048104847484373;-0.15958694573847204;-0.3129387600826435;0.20731060928948328;0.6612071486534107;0.6963518666806776;0.9809471504904111;0.28586539072490497;0.334456789987025;0.6585442726728304;2.0102045387663496;-0.1769472274940494;-0.7982972445384537;-1.3793192280145272;-0.7309300399419191;1
0.9633761292443218;0.4127809269364983;1.0563126633209041;0.9206551646324523;1.0010093505252273;0.9450491115089803;0.6360837320328269;0.6113274102443336;1.1470964470994922;0.9199618605602308;0.9903502533808628;0.9185881008336031;-0.033126972873797095;1.7945578635177877;-0.5176112990361714;0.2237879516388985;-0.016422896072752075;1.188393273448084;2.5269324258736217;-0.5308687729203206;1
0.82206015999449;1.8967929826539474;1.6911641217768147;1.5602289568792078;2.0871895651119043;1.8103312013534667;1.627009200126232;1.7508041095029958;2.35349944785008;1.30706878853066;1.425188717910649;0.929002958734395;-0.48943944251822213;1.044160877069072;0.6818914896263114;1.8467073257360336;0.5839281853259639;-0.35929209078705954;0.5906548306923093;1.1087035805829077;1
-0.2453881160028705;-0.7537361643574896;-0.6007141835428528;-0.559786783825065;-0.7727433257266664;-0.6622825660467485;-0.6173126778877448;-0.6718616638224466;-0.8694368217080276;-0.4535513727656987;-0.4958596968155044;-0.29493596550378587;0.820482181197364;0.5072740311072977;1.066674689589154;1.1692955904456728;1.3821589910375272;0.6487098875896427;-0.16711808031685435;0.14671368643332283;0
-0.8895144296255233;-0.8158102849654383;-1.197594395774441;-1.0680665257896935;-1.2712629767308377;-1.1551169888738666;-0.8924443645045691;-0.9103700263197086;-1.4460139381054755;-0.9963474794280374;-1.0776777745272144;-0.8890120823413513;1.2065089665083568;-0.8169356709872361;0.3686733088729012;-0.3933388123273607;0.028744822934817487;1.2784518626072987;0.19109906801990334;0.04643654815614881;0
-0.0771017094141042;0.3411519748166439;0.10679850553933976;0.11397874762609177;0.21859887167184783;0.16757375483281575;0.2117600041540508;0.24884980765990267;0.24122395133765695;0.05284658768933504;0.0612781080524062;-0.03835028333457352;-1.3598561409799192;0.7462535660272207;0.6454841811410754;2.16325472330546;-0.30777823495300083;0.21915032766393897;0.24938368371075526;1.5774532797634744;1
0.27669079933001905;0.8271832490360238;0.6657349234420452;0.6198097390488699;0.8531942423491173;0.7320101587319865;0.6801231362287616;0.7395005279295217;0.9601402953600892;0.5037348547246316;0.5505868599521138;0.3304255448157165;-0.0952955323869521;0.27902152577033923;0.6078965097165392;0.1866091231563581;-0.44643361455052827;0.19408999289830758;1.073631749859772;-1.0265152994110602;1
0.01300189187790702;1.4535340771573169;0.7546611116575362;0.7386024180521025;1.1694117695602264;0.953878344414552;1.0250068422090028;1.160529012792723;1.3041763194175882;0.5018204851643026;0.5571962009980259;0.1484798071189113;0.132969674146876;-0.7001208149391732;1.1950466289248425;-1.5231869047837747;-0.5589218472715883;0.37721187506452086;1.5655240292343404;-0.0657502610729878;1
-0.2646568332379561;2.720169166589619;1.1587350481667835;1.1681596848135076;1.9870279529337485;1.5820946308289714;1.8143268658247165;2.086989594630595;2.206762128557442;0.7050019585247272;0.7921725532441624;0.013951422347335445;-0.5551995266931984;1.8811570694405901;-1.448013900416244;-2.198805956620082;0.4400144500533324;-0.5020542243526112;-1.0212328171307132;0.7083564472993533;1
0.6256673477650062;-0.8571575564162826;0.1106426818139183;0.03359625472079449;-0.24816475488309014;-0.1176001409888465;-0.37677433806672855;-0.49842886942143655;-0.2564839564575209;0.21714639631042817;0.22056507197000125;0.49082746448819475;0.24380071377119883;-0.5640786307367284;-1.2803043986708944;0.8724573282801447;0.650201177958661;-0.09917586377938291;1.8466369960476658;-1.0700847663261526;0
-1.0708924980611123;0.4824724152431853;-0.6928636385337994;-0.551315777570531;-0.36127352498924886;-0.4386952680458248;-0.04629672226934794;0.06954270774088507;-0.4373357627779558;-0.704471017274096;-0.7473328269595272;-0.9326387631536462;-1.5255251709247388;-0.6919080698812444;-0.045586016355497805;0.24333944932269183;-0.24123605785632987;0.3520553965142968;-1.251539424190444;1.4437646040732595;0
-0.2234627853258509;0.714000494092092;0.16903849501402612;0.19254866359656062;0.414226073314848;0.3070955176625242;0.4208718032467199;0.5025895079039439;0.4546021556645658;0.06029851338794061;0.07440801836863331;-0.13697212606467446;-0.0821511783925688;1.1172958315881276;0.34272534637770413;0.4567532191537839;0.5697672802322039;0.44770856001731496;0.6427227598675439;1.3291525301324314;1
0.47323762457354485;-0.07282891265687277;0.37796543751958045;0.31403469460285544;0.27171510369559587;0.28510573286205065;0.11900125406662694;0.08098199215855353;0.3182020293373696;0.3587603187763996;0.38297794632509935;0.4253351872680619;0.19652116970147013;0.7090037575885123;-0.08973569428722672;1.4401172154494728;-0.6763923020592697;1.8009404329108156;-0.04015795064434341;-1.4307751021180481;1
-0.846793718068405;-1.5148472246858646;-1.5175596194896754;-1.3869987791981184;-1.7995237872075123;-1.579455166047935;-1.3677874243893027;-1.4541160461199238;-2.0335840641157255;-1.1980099588512132;-1.3031821859305803;-0.9156946437286732;0.12810441491078928;-0.6810516574748808;0.8406435489887241;-0.6526239793023909;-0.4461834332147797;-1.889540730945531;-0.4523063192490767;-2.4238793266289567;0
-0.4465149520670211;0.8563987943234723;0.04615281871417317;0.09873368625442094;0.37243107860092556;0.2429586795824736;0.44064541318310285;0.5504227343675059;0.4008076441306163;-0.07226909877919792;-0.06551196696013799;-0.3272895415825113;-1.5839028234857233;0.7604146561442974;0.7858001586508322;0.42545756178496474;-0.966976143129213;-0.047711356141979855;-0.0036025390905684044;-1.1583646891925428;1
0.21409374413020396;-1.245738778711988;-0.4491589694926082;-0.46616436953864004;-0.8452405515903729;-0.6592878256012594;-0.7975025538249646;-0.9284936109466042;-0.9354350074330173;-0.2476134640699036;-0.28224348961025486;0.07844214223000358;1.5033983017671506;0.8773622905756714;-0.22096417382966393;0.02688583899453078;0.20838280794755248;-2.0417348684242906;-0.24717738252059693;-0.6819842479977986;0
0.173180925851182;0.3853173797288368;0.3489733941867333;0.3215299396243604;0.4283068379680488;0.3720992427861506;0.33273704820491673;0.3574772536066158;0.4831004405075638;0.2705315959340555;0.2948790260936764;0.19436871921789156;-1.0016200098949155;-0.2811002928859549;1.7976865268495226;0.6408428612670098;-0.5711789897827968;0.5725827813561586;1.3993554365860021;0.9246336829127688;1
-0.883857436201133;0.1537251059455279;-0.6968665495068168;-0.5776382057722899;-0.4933445348654389;-0.520980007325364;-0.20982899467739477;-0.13716002234143831;-0.5785437103790345;-0.6640664067572596;-0.7086317873152729;-0.792727069758465;0.05963036992017413;-0.6469367777055739;0.6982233136135899;0.3934853854217496;0.8951932200277323;0.6351718016819695;1.0495527153193351;-0.535235211560568;0
0.058208718445999896;-1.142970297830623;-0.5333784118035549;-0.5300990368010521;-0.871855285440382;-0.701998769282623;-0.7814017715612905;-0.8924777793959733;-0.9701377949876913;-0.3391627625916944;-0.37880899077443203;-0.05426000357338873;1.3173940656343257;0.19759960469239965;2.0752608726252655;-0.6891878180895679;1.7359638031652493;0.1979107834626478;-0.6514180036144483;-0.48388583405432156;0
